1,FirstName1,LastName1,Profession1
2,FirstName2,LastName2,Profession2
3,FirstName3,LastName3,Profession3
4,FirstName4,LastName4,Profession4
5,FirstName5,LastName5,Profession5
6,FirstName6,LastName6,Profession6
7,FirstName7,LastName7,Profession7
8,FirstName8,LastName8,Profession8
9,FirstName9,LastName9,Profession9
10,FirstName10,LastName10,Profession10
11,FirstName11,LastName11,Profession11
12,FirstName12,LastName12,Profession12
13,FirstName13,LastName13,Profession13
14,FirstName14,LastName14,Profession14
15,FirstName15,LastName15,Profession15
16,FirstName16,LastName16,Profession16
17,FirstName17,LastName17,Profession17
18,FirstName18,LastName18,Profession18
19,FirstName19,LastName19,Profession19
20,FirstName20,LastName20,Profession20
21,FirstName21,LastName21,Profession21
22,FirstName22,LastName22,Profession22
23,FirstName23,LastName23,Profession23
24,FirstName24,LastName24,Profession24
25,FirstName25,LastName25,Profession25
26,FirstName26,LastName26,Profession26
27,FirstName27,LastName27,Profession27
28,FirstName28,LastName28,Profession28
29,FirstName29,LastName29,Profession29
30,FirstName30,LastName30,Profession30
31,FirstName31,LastName31,Profession31
32,FirstName32,LastName32,Profession32
33,FirstName33,LastName33,Profession33
34,FirstName34,LastName34,Profession34
35,FirstName35,LastName35,Profession35
36,FirstName36,LastName36,Profession36
37,FirstName37,LastName37,Profession37
38,FirstName38,LastName38,Profession38
39,FirstName39,LastName39,Profession39
40,FirstName40,LastName40,Profession40
41,FirstName41,LastName41,Profession41
42,FirstName42,LastName42,Profession42
43,FirstName43,LastName43,Profession43
44,FirstName44,LastName44,Profession44
45,FirstName45,LastName45,Profession45
46,FirstName46,LastName46,Profession46
47,FirstName47,LastName47,Profession47
48,FirstName48,LastName48,Profession48
49,FirstName49,LastName49,Profession49
50,FirstName50,LastName50,Profession50
51,FirstName51,LastName51,Profession51
52,FirstName52,LastName52,Profession52
53,FirstName53,LastName53,Profession53
54,FirstName54,LastName54,Profession54
55,FirstName55,LastName55,Profession55
56,FirstName56,LastName56,Profession56
57,FirstName57,LastName57,Profession57
58,FirstName58,LastName58,Profession58
59,FirstName59,LastName59,Profession59
60,FirstName60,LastName60,Profession60
61,FirstName61,LastName61,Profession61
62,FirstName62,LastName62,Profession62
63,FirstName63,LastName63,Profession63
64,FirstName64,LastName64,Profession64
65,FirstName65,LastName65,Profession65
66,FirstName66,LastName66,Profession66
67,FirstName67,LastName67,Profession67
68,FirstName68,LastName68,Profession68
69,FirstName69,LastName69,Profession69
70,FirstName70,LastName70,Profession70
71,FirstName71,LastName71,Profession71
72,FirstName72,LastName72,Profession72
73,FirstName73,LastName73,Profession73
74,FirstName74,LastName74,Profession74
75,FirstName75,LastName75,Profession75
76,FirstName76,LastName76,Profession76
77,FirstName77,LastName77,Profession77
78,FirstName78,LastName78,Profession78
79,FirstName79,LastName79,Profession79
80,FirstName80,LastName80,Profession80
81,FirstName81,LastName81,Profession81
82,FirstName82,LastName82,Profession82
83,FirstName83,LastName83,Profession83
84,FirstName84,LastName84,Profession84
85,FirstName85,LastName85,Profession85
86,FirstName86,LastName86,Profession86
87,FirstName87,LastName87,Profession87
88,FirstName88,LastName88,Profession88
89,FirstName89,LastName89,Profession89
90,FirstName90,LastName90,Profession90
91,FirstName91,LastName91,Profession91
92,FirstName92,LastName92,Profession92
93,FirstName93,LastName93,Profession93
94,FirstName94,LastName94,Profession94
95,FirstName95,LastName95,Profession95
96,FirstName96,LastName96,Profession96
97,FirstName97,LastName97,Profession97
98,FirstName98,LastName98,Profession98
99,FirstName99,LastName99,Profession99
100,FirstName100,LastName100,Profession100
101,FirstName101,LastName101,Profession101
102,FirstName102,LastName102,Profession102
103,FirstName103,LastName103,Profession103
104,FirstName104,LastName104,Profession104
105,FirstName105,LastName105,Profession105
106,FirstName106,LastName106,Profession106
107,FirstName107,LastName107,Profession107
108,FirstName108,LastName108,Profession108
109,FirstName109,LastName109,Profession109
110,FirstName110,LastName110,Profession110
111,FirstName111,LastName111,Profession111
112,FirstName112,LastName112,Profession112
113,FirstName113,LastName113,Profession113
114,FirstName114,LastName114,Profession114
115,FirstName115,LastName115,Profession115
116,FirstName116,LastName116,Profession116
117,FirstName117,LastName117,Profession117
118,FirstName118,LastName118,Profession118
119,FirstName119,LastName119,Profession119
120,FirstName120,LastName120,Profession120
121,FirstName121,LastName121,Profession121
122,FirstName122,LastName122,Profession122
123,FirstName123,LastName123,Profession123
124,FirstName124,LastName124,Profession124
125,FirstName125,LastName125,Profession125
126,FirstName126,LastName126,Profession126
127,FirstName127,LastName127,Profession127
128,FirstName128,LastName128,Profession128
129,FirstName129,LastName129,Profession129
130,FirstName130,LastName130,Profession130
131,FirstName131,LastName131,Profession131
132,FirstName132,LastName132,Profession132
133,FirstName133,LastName133,Profession133
134,FirstName134,LastName134,Profession134
135,FirstName135,LastName135,Profession135
136,FirstName136,LastName136,Profession136
137,FirstName137,LastName137,Profession137
138,FirstName138,LastName138,Profession138
139,FirstName139,LastName139,Profession139
140,FirstName140,LastName140,Profession140
141,FirstName141,LastName141,Profession141
142,FirstName142,LastName142,Profession142
143,FirstName143,LastName143,Profession143
144,FirstName144,LastName144,Profession144
145,FirstName145,LastName145,Profession145
146,FirstName146,LastName146,Profession146
147,FirstName147,LastName147,Profession147
148,FirstName148,LastName148,Profession148
149,FirstName149,LastName149,Profession149
150,FirstName150,LastName150,Profession150
151,FirstName151,LastName151,Profession151
152,FirstName152,LastName152,Profession152
153,FirstName153,LastName153,Profession153
154,FirstName154,LastName154,Profession154
155,FirstName155,LastName155,Profession155
156,FirstName156,LastName156,Profession156
157,FirstName157,LastName157,Profession157
158,FirstName158,LastName158,Profession158
159,FirstName159,LastName159,Profession159
160,FirstName160,LastName160,Profession160
161,FirstName161,LastName161,Profession161
162,FirstName162,LastName162,Profession162
163,FirstName163,LastName163,Profession163
164,FirstName164,LastName164,Profession164
165,FirstName165,LastName165,Profession165
166,FirstName166,LastName166,Profession166
167,FirstName167,LastName167,Profession167
168,FirstName168,LastName168,Profession168
169,FirstName169,LastName169,Profession169
170,FirstName170,LastName170,Profession170
171,FirstName171,LastName171,Profession171
172,FirstName172,LastName172,Profession172
173,FirstName173,LastName173,Profession173
174,FirstName174,LastName174,Profession174
175,FirstName175,LastName175,Profession175
176,FirstName176,LastName176,Profession176
177,FirstName177,LastName177,Profession177
178,FirstName178,LastName178,Profession178
179,FirstName179,LastName179,Profession179
180,FirstName180,LastName180,Profession180
181,FirstName181,LastName181,Profession181
182,FirstName182,LastName182,Profession182
183,FirstName183,LastName183,Profession183
184,FirstName184,LastName184,Profession184
185,FirstName185,LastName185,Profession185
186,FirstName186,LastName186,Profession186
187,FirstName187,LastName187,Profession187
188,FirstName188,LastName188,Profession188
189,FirstName189,LastName189,Profession189
190,FirstName190,LastName190,Profession190
191,FirstName191,LastName191,Profession191
192,FirstName192,LastName192,Profession192
193,FirstName193,LastName193,Profession193
194,FirstName194,LastName194,Profession194
195,FirstName195,LastName195,Profession195
196,FirstName196,LastName196,Profession196
197,FirstName197,LastName197,Profession197
198,FirstName198,LastName198,Profession198
199,FirstName199,LastName199,Profession199
200,FirstName200,LastName200,Profession200
201,FirstName201,LastName201,Profession201
202,FirstName202,LastName202,Profession202
203,FirstName203,LastName203,Profession203
204,FirstName204,LastName204,Profession204
205,FirstName205,LastName205,Profession205
206,FirstName206,LastName206,Profession206
207,FirstName207,LastName207,Profession207
208,FirstName208,LastName208,Profession208
209,FirstName209,LastName209,Profession209
210,FirstName210,LastName210,Profession210
211,FirstName211,LastName211,Profession211
212,FirstName212,LastName212,Profession212
213,FirstName213,LastName213,Profession213
214,FirstName214,LastName214,Profession214
215,FirstName215,LastName215,Profession215
216,FirstName216,LastName216,Profession216
217,FirstName217,LastName217,Profession217
218,FirstName218,LastName218,Profession218
219,FirstName219,LastName219,Profession219
220,FirstName220,LastName220,Profession220
221,FirstName221,LastName221,Profession221
222,FirstName222,LastName222,Profession222
223,FirstName223,LastName223,Profession223
224,FirstName224,LastName224,Profession224
225,FirstName225,LastName225,Profession225
226,FirstName226,LastName226,Profession226
227,FirstName227,LastName227,Profession227
228,FirstName228,LastName228,Profession228
229,FirstName229,LastName229,Profession229
230,FirstName230,LastName230,Profession230
231,FirstName231,LastName231,Profession231
232,FirstName232,LastName232,Profession232
233,FirstName233,LastName233,Profession233
234,FirstName234,LastName234,Profession234
235,FirstName235,LastName235,Profession235
236,FirstName236,LastName236,Profession236
237,FirstName237,LastName237,Profession237
238,FirstName238,LastName238,Profession238
239,FirstName239,LastName239,Profession239
240,FirstName240,LastName240,Profession240
241,FirstName241,LastName241,Profession241
242,FirstName242,LastName242,Profession242
243,FirstName243,LastName243,Profession243
244,FirstName244,LastName244,Profession244
245,FirstName245,LastName245,Profession245
246,FirstName246,LastName246,Profession246
247,FirstName247,LastName247,Profession247
248,FirstName248,LastName248,Profession248
249,FirstName249,LastName249,Profession249
250,FirstName250,LastName250,Profession250
251,FirstName251,LastName251,Profession251
252,FirstName252,LastName252,Profession252
253,FirstName253,LastName253,Profession253
254,FirstName254,LastName254,Profession254
255,FirstName255,LastName255,Profession255
256,FirstName256,LastName256,Profession256
257,FirstName257,LastName257,Profession257
258,FirstName258,LastName258,Profession258
259,FirstName259,LastName259,Profession259
260,FirstName260,LastName260,Profession260
261,FirstName261,LastName261,Profession261
262,FirstName262,LastName262,Profession262
263,FirstName263,LastName263,Profession263
264,FirstName264,LastName264,Profession264
265,FirstName265,LastName265,Profession265
266,FirstName266,LastName266,Profession266
267,FirstName267,LastName267,Profession267
268,FirstName268,LastName268,Profession268
269,FirstName269,LastName269,Profession269
270,FirstName270,LastName270,Profession270
271,FirstName271,LastName271,Profession271
272,FirstName272,LastName272,Profession272
273,FirstName273,LastName273,Profession273
274,FirstName274,LastName274,Profession274
275,FirstName275,LastName275,Profession275
276,FirstName276,LastName276,Profession276
277,FirstName277,LastName277,Profession277
278,FirstName278,LastName278,Profession278
279,FirstName279,LastName279,Profession279
280,FirstName280,LastName280,Profession280
281,FirstName281,LastName281,Profession281
282,FirstName282,LastName282,Profession282
283,FirstName283,LastName283,Profession283
284,FirstName284,LastName284,Profession284
285,FirstName285,LastName285,Profession285
286,FirstName286,LastName286,Profession286
287,FirstName287,LastName287,Profession287
288,FirstName288,LastName288,Profession288
289,FirstName289,LastName289,Profession289
290,FirstName290,LastName290,Profession290
291,FirstName291,LastName291,Profession291
292,FirstName292,LastName292,Profession292
293,FirstName293,LastName293,Profession293
294,FirstName294,LastName294,Profession294
295,FirstName295,LastName295,Profession295
296,FirstName296,LastName296,Profession296
297,FirstName297,LastName297,Profession297
298,FirstName298,LastName298,Profession298
299,FirstName299,LastName299,Profession299
300,FirstName300,LastName300,Profession300
301,FirstName301,LastName301,Profession301
302,FirstName302,LastName302,Profession302
303,FirstName303,LastName303,Profession303
304,FirstName304,LastName304,Profession304
305,FirstName305,LastName305,Profession305
306,FirstName306,LastName306,Profession306
307,FirstName307,LastName307,Profession307
308,FirstName308,LastName308,Profession308
309,FirstName309,LastName309,Profession309
310,FirstName310,LastName310,Profession310
311,FirstName311,LastName311,Profession311
312,FirstName312,LastName312,Profession312
313,FirstName313,LastName313,Profession313
314,FirstName314,LastName314,Profession314
315,FirstName315,LastName315,Profession315
316,FirstName316,LastName316,Profession316
317,FirstName317,LastName317,Profession317
318,FirstName318,LastName318,Profession318
319,FirstName319,LastName319,Profession319
320,FirstName320,LastName320,Profession320
321,FirstName321,LastName321,Profession321
322,FirstName322,LastName322,Profession322
323,FirstName323,LastName323,Profession323
324,FirstName324,LastName324,Profession324
325,FirstName325,LastName325,Profession325
326,FirstName326,LastName326,Profession326
327,FirstName327,LastName327,Profession327
328,FirstName328,LastName328,Profession328
329,FirstName329,LastName329,Profession329
330,FirstName330,LastName330,Profession330
331,FirstName331,LastName331,Profession331
332,FirstName332,LastName332,Profession332
333,FirstName333,LastName333,Profession333
334,FirstName334,LastName334,Profession334
335,FirstName335,LastName335,Profession335
336,FirstName336,LastName336,Profession336
337,FirstName337,LastName337,Profession337
338,FirstName338,LastName338,Profession338
339,FirstName339,LastName339,Profession339
340,FirstName340,LastName340,Profession340
341,FirstName341,LastName341,Profession341
342,FirstName342,LastName342,Profession342
343,FirstName343,LastName343,Profession343
344,FirstName344,LastName344,Profession344
345,FirstName345,LastName345,Profession345
346,FirstName346,LastName346,Profession346
347,FirstName347,LastName347,Profession347
348,FirstName348,LastName348,Profession348
349,FirstName349,LastName349,Profession349
350,FirstName350,LastName350,Profession350
351,FirstName351,LastName351,Profession351
352,FirstName352,LastName352,Profession352
353,FirstName353,LastName353,Profession353
354,FirstName354,LastName354,Profession354
355,FirstName355,LastName355,Profession355
356,FirstName356,LastName356,Profession356
357,FirstName357,LastName357,Profession357
358,FirstName358,LastName358,Profession358
359,FirstName359,LastName359,Profession359
360,FirstName360,LastName360,Profession360
361,FirstName361,LastName361,Profession361
362,FirstName362,LastName362,Profession362
363,FirstName363,LastName363,Profession363
364,FirstName364,LastName364,Profession364
365,FirstName365,LastName365,Profession365
366,FirstName366,LastName366,Profession366
367,FirstName367,LastName367,Profession367
368,FirstName368,LastName368,Profession368
369,FirstName369,LastName369,Profession369
370,FirstName370,LastName370,Profession370
371,FirstName371,LastName371,Profession371
372,FirstName372,LastName372,Profession372
373,FirstName373,LastName373,Profession373
374,FirstName374,LastName374,Profession374
375,FirstName375,LastName375,Profession375
376,FirstName376,LastName376,Profession376
377,FirstName377,LastName377,Profession377
378,FirstName378,LastName378,Profession378
379,FirstName379,LastName379,Profession379
380,FirstName380,LastName380,Profession380
381,FirstName381,LastName381,Profession381
382,FirstName382,LastName382,Profession382
383,FirstName383,LastName383,Profession383
384,FirstName384,LastName384,Profession384
385,FirstName385,LastName385,Profession385
386,FirstName386,LastName386,Profession386
387,FirstName387,LastName387,Profession387
388,FirstName388,LastName388,Profession388
389,FirstName389,LastName389,Profession389
390,FirstName390,LastName390,Profession390
391,FirstName391,LastName391,Profession391
392,FirstName392,LastName392,Profession392
393,FirstName393,LastName393,Profession393
394,FirstName394,LastName394,Profession394
395,FirstName395,LastName395,Profession395
396,FirstName396,LastName396,Profession396
397,FirstName397,LastName397,Profession397
398,FirstName398,LastName398,Profession398
399,FirstName399,LastName399,Profession399
400,FirstName400,LastName400,Profession400
401,FirstName401,LastName401,Profession401
402,FirstName402,LastName402,Profession402
403,FirstName403,LastName403,Profession403
404,FirstName404,LastName404,Profession404
405,FirstName405,LastName405,Profession405
406,FirstName406,LastName406,Profession406
407,FirstName407,LastName407,Profession407
408,FirstName408,LastName408,Profession408
409,FirstName409,LastName409,Profession409
410,FirstName410,LastName410,Profession410
411,FirstName411,LastName411,Profession411
412,FirstName412,LastName412,Profession412
413,FirstName413,LastName413,Profession413
414,FirstName414,LastName414,Profession414
415,FirstName415,LastName415,Profession415
416,FirstName416,LastName416,Profession416
417,FirstName417,LastName417,Profession417
418,FirstName418,LastName418,Profession418
419,FirstName419,LastName419,Profession419
420,FirstName420,LastName420,Profession420
421,FirstName421,LastName421,Profession421
422,FirstName422,LastName422,Profession422
423,FirstName423,LastName423,Profession423
424,FirstName424,LastName424,Profession424
425,FirstName425,LastName425,Profession425
426,FirstName426,LastName426,Profession426
427,FirstName427,LastName427,Profession427
428,FirstName428,LastName428,Profession428
429,FirstName429,LastName429,Profession429
430,FirstName430,LastName430,Profession430
431,FirstName431,LastName431,Profession431
432,FirstName432,LastName432,Profession432
433,FirstName433,LastName433,Profession433
434,FirstName434,LastName434,Profession434
435,FirstName435,LastName435,Profession435
436,FirstName436,LastName436,Profession436
437,FirstName437,LastName437,Profession437
438,FirstName438,LastName438,Profession438
439,FirstName439,LastName439,Profession439
440,FirstName440,LastName440,Profession440
441,FirstName441,LastName441,Profession441
442,FirstName442,LastName442,Profession442
443,FirstName443,LastName443,Profession443
444,FirstName444,LastName444,Profession444
445,FirstName445,LastName445,Profession445
446,FirstName446,LastName446,Profession446
447,FirstName447,LastName447,Profession447
448,FirstName448,LastName448,Profession448
449,FirstName449,LastName449,Profession449
450,FirstName450,LastName450,Profession450
451,FirstName451,LastName451,Profession451
452,FirstName452,LastName452,Profession452
453,FirstName453,LastName453,Profession453
454,FirstName454,LastName454,Profession454
455,FirstName455,LastName455,Profession455
456,FirstName456,LastName456,Profession456
457,FirstName457,LastName457,Profession457
458,FirstName458,LastName458,Profession458
459,FirstName459,LastName459,Profession459
460,FirstName460,LastName460,Profession460
461,FirstName461,LastName461,Profession461
462,FirstName462,LastName462,Profession462
463,FirstName463,LastName463,Profession463
464,FirstName464,LastName464,Profession464
465,FirstName465,LastName465,Profession465
466,FirstName466,LastName466,Profession466
467,FirstName467,LastName467,Profession467
468,FirstName468,LastName468,Profession468
469,FirstName469,LastName469,Profession469
470,FirstName470,LastName470,Profession470
471,FirstName471,LastName471,Profession471
472,FirstName472,LastName472,Profession472
473,FirstName473,LastName473,Profession473
474,FirstName474,LastName474,Profession474
475,FirstName475,LastName475,Profession475
476,FirstName476,LastName476,Profession476
477,FirstName477,LastName477,Profession477
478,FirstName478,LastName478,Profession478
479,FirstName479,LastName479,Profession479
480,FirstName480,LastName480,Profession480
481,FirstName481,LastName481,Profession481
482,FirstName482,LastName482,Profession482
483,FirstName483,LastName483,Profession483
484,FirstName484,LastName484,Profession484
485,FirstName485,LastName485,Profession485
486,FirstName486,LastName486,Profession486
487,FirstName487,LastName487,Profession487
488,FirstName488,LastName488,Profession488
489,FirstName489,LastName489,Profession489
490,FirstName490,LastName490,Profession490
491,FirstName491,LastName491,Profession491
492,FirstName492,LastName492,Profession492
493,FirstName493,LastName493,Profession493
494,FirstName494,LastName494,Profession494
495,FirstName495,LastName495,Profession495
496,FirstName496,LastName496,Profession496
497,FirstName497,LastName497,Profession497
498,FirstName498,LastName498,Profession498
499,FirstName499,LastName499,Profession499
500,FirstName500,LastName500,Profession500
501,FirstName501,LastName501,Profession501
502,FirstName502,LastName502,Profession502
503,FirstName503,LastName503,Profession503
504,FirstName504,LastName504,Profession504
505,FirstName505,LastName505,Profession505
506,FirstName506,LastName506,Profession506
507,FirstName507,LastName507,Profession507
508,FirstName508,LastName508,Profession508
509,FirstName509,LastName509,Profession509
510,FirstName510,LastName510,Profession510
511,FirstName511,LastName511,Profession511
512,FirstName512,LastName512,Profession512
513,FirstName513,LastName513,Profession513
514,FirstName514,LastName514,Profession514
515,FirstName515,LastName515,Profession515
516,FirstName516,LastName516,Profession516
517,FirstName517,LastName517,Profession517
518,FirstName518,LastName518,Profession518
519,FirstName519,LastName519,Profession519
520,FirstName520,LastName520,Profession520
521,FirstName521,LastName521,Profession521
522,FirstName522,LastName522,Profession522
523,FirstName523,LastName523,Profession523
524,FirstName524,LastName524,Profession524
525,FirstName525,LastName525,Profession525
526,FirstName526,LastName526,Profession526
527,FirstName527,LastName527,Profession527
528,FirstName528,LastName528,Profession528
529,FirstName529,LastName529,Profession529
530,FirstName530,LastName530,Profession530
531,FirstName531,LastName531,Profession531
532,FirstName532,LastName532,Profession532
533,FirstName533,LastName533,Profession533
534,FirstName534,LastName534,Profession534
535,FirstName535,LastName535,Profession535
536,FirstName536,LastName536,Profession536
537,FirstName537,LastName537,Profession537
538,FirstName538,LastName538,Profession538
539,FirstName539,LastName539,Profession539
540,FirstName540,LastName540,Profession540
541,FirstName541,LastName541,Profession541
542,FirstName542,LastName542,Profession542
543,FirstName543,LastName543,Profession543
544,FirstName544,LastName544,Profession544
545,FirstName545,LastName545,Profession545
546,FirstName546,LastName546,Profession546
547,FirstName547,LastName547,Profession547
548,FirstName548,LastName548,Profession548
549,FirstName549,LastName549,Profession549
550,FirstName550,LastName550,Profession550
551,FirstName551,LastName551,Profession551
552,FirstName552,LastName552,Profession552
553,FirstName553,LastName553,Profession553
554,FirstName554,LastName554,Profession554
555,FirstName555,LastName555,Profession555
556,FirstName556,LastName556,Profession556
557,FirstName557,LastName557,Profession557
558,FirstName558,LastName558,Profession558
559,FirstName559,LastName559,Profession559
560,FirstName560,LastName560,Profession560
561,FirstName561,LastName561,Profession561
562,FirstName562,LastName562,Profession562
563,FirstName563,LastName563,Profession563
564,FirstName564,LastName564,Profession564
565,FirstName565,LastName565,Profession565
566,FirstName566,LastName566,Profession566
567,FirstName567,LastName567,Profession567
568,FirstName568,LastName568,Profession568
569,FirstName569,LastName569,Profession569
570,FirstName570,LastName570,Profession570
571,FirstName571,LastName571,Profession571
572,FirstName572,LastName572,Profession572
573,FirstName573,LastName573,Profession573
574,FirstName574,LastName574,Profession574
575,FirstName575,LastName575,Profession575
576,FirstName576,LastName576,Profession576
577,FirstName577,LastName577,Profession577
578,FirstName578,LastName578,Profession578
579,FirstName579,LastName579,Profession579
580,FirstName580,LastName580,Profession580
581,FirstName581,LastName581,Profession581
582,FirstName582,LastName582,Profession582
583,FirstName583,LastName583,Profession583
584,FirstName584,LastName584,Profession584
585,FirstName585,LastName585,Profession585
586,FirstName586,LastName586,Profession586
587,FirstName587,LastName587,Profession587
588,FirstName588,LastName588,Profession588
589,FirstName589,LastName589,Profession589
590,FirstName590,LastName590,Profession590
591,FirstName591,LastName591,Profession591
592,FirstName592,LastName592,Profession592
593,FirstName593,LastName593,Profession593
594,FirstName594,LastName594,Profession594
595,FirstName595,LastName595,Profession595
596,FirstName596,LastName596,Profession596
597,FirstName597,LastName597,Profession597
598,FirstName598,LastName598,Profession598
599,FirstName599,LastName599,Profession599
600,FirstName600,LastName600,Profession600
601,FirstName601,LastName601,Profession601
602,FirstName602,LastName602,Profession602
603,FirstName603,LastName603,Profession603
604,FirstName604,LastName604,Profession604
605,FirstName605,LastName605,Profession605
606,FirstName606,LastName606,Profession606
607,FirstName607,LastName607,Profession607
608,FirstName608,LastName608,Profession608
609,FirstName609,LastName609,Profession609
610,FirstName610,LastName610,Profession610
611,FirstName611,LastName611,Profession611
612,FirstName612,LastName612,Profession612
613,FirstName613,LastName613,Profession613
614,FirstName614,LastName614,Profession614
615,FirstName615,LastName615,Profession615
616,FirstName616,LastName616,Profession616
617,FirstName617,LastName617,Profession617
618,FirstName618,LastName618,Profession618
619,FirstName619,LastName619,Profession619
620,FirstName620,LastName620,Profession620
621,FirstName621,LastName621,Profession621
622,FirstName622,LastName622,Profession622
623,FirstName623,LastName623,Profession623
624,FirstName624,LastName624,Profession624
625,FirstName625,LastName625,Profession625
626,FirstName626,LastName626,Profession626
627,FirstName627,LastName627,Profession627
628,FirstName628,LastName628,Profession628
629,FirstName629,LastName629,Profession629
630,FirstName630,LastName630,Profession630
631,FirstName631,LastName631,Profession631
632,FirstName632,LastName632,Profession632
633,FirstName633,LastName633,Profession633
634,FirstName634,LastName634,Profession634
635,FirstName635,LastName635,Profession635
636,FirstName636,LastName636,Profession636
637,FirstName637,LastName637,Profession637
638,FirstName638,LastName638,Profession638
639,FirstName639,LastName639,Profession639
640,FirstName640,LastName640,Profession640
641,FirstName641,LastName641,Profession641
642,FirstName642,LastName642,Profession642
643,FirstName643,LastName643,Profession643
644,FirstName644,LastName644,Profession644
645,FirstName645,LastName645,Profession645
646,FirstName646,LastName646,Profession646
647,FirstName647,LastName647,Profession647
648,FirstName648,LastName648,Profession648
649,FirstName649,LastName649,Profession649
650,FirstName650,LastName650,Profession650
651,FirstName651,LastName651,Profession651
652,FirstName652,LastName652,Profession652
653,FirstName653,LastName653,Profession653
654,FirstName654,LastName654,Profession654
655,FirstName655,LastName655,Profession655
656,FirstName656,LastName656,Profession656
657,FirstName657,LastName657,Profession657
658,FirstName658,LastName658,Profession658
659,FirstName659,LastName659,Profession659
660,FirstName660,LastName660,Profession660
661,FirstName661,LastName661,Profession661
662,FirstName662,LastName662,Profession662
663,FirstName663,LastName663,Profession663
664,FirstName664,LastName664,Profession664
665,FirstName665,LastName665,Profession665
666,FirstName666,LastName666,Profession666
667,FirstName667,LastName667,Profession667
668,FirstName668,LastName668,Profession668
669,FirstName669,LastName669,Profession669
670,FirstName670,LastName670,Profession670
671,FirstName671,LastName671,Profession671
672,FirstName672,LastName672,Profession672
673,FirstName673,LastName673,Profession673
674,FirstName674,LastName674,Profession674
675,FirstName675,LastName675,Profession675
676,FirstName676,LastName676,Profession676
677,FirstName677,LastName677,Profession677
678,FirstName678,LastName678,Profession678
679,FirstName679,LastName679,Profession679
680,FirstName680,LastName680,Profession680
681,FirstName681,LastName681,Profession681
682,FirstName682,LastName682,Profession682
683,FirstName683,LastName683,Profession683
684,FirstName684,LastName684,Profession684
685,FirstName685,LastName685,Profession685
686,FirstName686,LastName686,Profession686
687,FirstName687,LastName687,Profession687
688,FirstName688,LastName688,Profession688
689,FirstName689,LastName689,Profession689
690,FirstName690,LastName690,Profession690
691,FirstName691,LastName691,Profession691
692,FirstName692,LastName692,Profession692
693,FirstName693,LastName693,Profession693
694,FirstName694,LastName694,Profession694
695,FirstName695,LastName695,Profession695
696,FirstName696,LastName696,Profession696
697,FirstName697,LastName697,Profession697
698,FirstName698,LastName698,Profession698
699,FirstName699,LastName699,Profession699
700,FirstName700,LastName700,Profession700
701,FirstName701,LastName701,Profession701
702,FirstName702,LastName702,Profession702
703,FirstName703,LastName703,Profession703
704,FirstName704,LastName704,Profession704
705,FirstName705,LastName705,Profession705
706,FirstName706,LastName706,Profession706
707,FirstName707,LastName707,Profession707
708,FirstName708,LastName708,Profession708
709,FirstName709,LastName709,Profession709
710,FirstName710,LastName710,Profession710
711,FirstName711,LastName711,Profession711
712,FirstName712,LastName712,Profession712
713,FirstName713,LastName713,Profession713
714,FirstName714,LastName714,Profession714
715,FirstName715,LastName715,Profession715
716,FirstName716,LastName716,Profession716
717,FirstName717,LastName717,Profession717
718,FirstName718,LastName718,Profession718
719,FirstName719,LastName719,Profession719
720,FirstName720,LastName720,Profession720
721,FirstName721,LastName721,Profession721
722,FirstName722,LastName722,Profession722
723,FirstName723,LastName723,Profession723
724,FirstName724,LastName724,Profession724
725,FirstName725,LastName725,Profession725
726,FirstName726,LastName726,Profession726
727,FirstName727,LastName727,Profession727
728,FirstName728,LastName728,Profession728
729,FirstName729,LastName729,Profession729
730,FirstName730,LastName730,Profession730
731,FirstName731,LastName731,Profession731
732,FirstName732,LastName732,Profession732
733,FirstName733,LastName733,Profession733
734,FirstName734,LastName734,Profession734
735,FirstName735,LastName735,Profession735
736,FirstName736,LastName736,Profession736
737,FirstName737,LastName737,Profession737
738,FirstName738,LastName738,Profession738
739,FirstName739,LastName739,Profession739
740,FirstName740,LastName740,Profession740
741,FirstName741,LastName741,Profession741
742,FirstName742,LastName742,Profession742
743,FirstName743,LastName743,Profession743
744,FirstName744,LastName744,Profession744
745,FirstName745,LastName745,Profession745
746,FirstName746,LastName746,Profession746
747,FirstName747,LastName747,Profession747
748,FirstName748,LastName748,Profession748
749,FirstName749,LastName749,Profession749
750,FirstName750,LastName750,Profession750
751,FirstName751,LastName751,Profession751
752,FirstName752,LastName752,Profession752
753,FirstName753,LastName753,Profession753
754,FirstName754,LastName754,Profession754
755,FirstName755,LastName755,Profession755
756,FirstName756,LastName756,Profession756
757,FirstName757,LastName757,Profession757
758,FirstName758,LastName758,Profession758
759,FirstName759,LastName759,Profession759
760,FirstName760,LastName760,Profession760
761,FirstName761,LastName761,Profession761
762,FirstName762,LastName762,Profession762
763,FirstName763,LastName763,Profession763
764,FirstName764,LastName764,Profession764
765,FirstName765,LastName765,Profession765
766,FirstName766,LastName766,Profession766
767,FirstName767,LastName767,Profession767
768,FirstName768,LastName768,Profession768
769,FirstName769,LastName769,Profession769
770,FirstName770,LastName770,Profession770
771,FirstName771,LastName771,Profession771
772,FirstName772,LastName772,Profession772
773,FirstName773,LastName773,Profession773
774,FirstName774,LastName774,Profession774
775,FirstName775,LastName775,Profession775
776,FirstName776,LastName776,Profession776
777,FirstName777,LastName777,Profession777
778,FirstName778,LastName778,Profession778
779,FirstName779,LastName779,Profession779
780,FirstName780,LastName780,Profession780
781,FirstName781,LastName781,Profession781
782,FirstName782,LastName782,Profession782
783,FirstName783,LastName783,Profession783
784,FirstName784,LastName784,Profession784
785,FirstName785,LastName785,Profession785
786,FirstName786,LastName786,Profession786
787,FirstName787,LastName787,Profession787
788,FirstName788,LastName788,Profession788
789,FirstName789,LastName789,Profession789
790,FirstName790,LastName790,Profession790
791,FirstName791,LastName791,Profession791
792,FirstName792,LastName792,Profession792
793,FirstName793,LastName793,Profession793
794,FirstName794,LastName794,Profession794
795,FirstName795,LastName795,Profession795
796,FirstName796,LastName796,Profession796
797,FirstName797,LastName797,Profession797
798,FirstName798,LastName798,Profession798
799,FirstName799,LastName799,Profession799
800,FirstName800,LastName800,Profession800
801,FirstName801,LastName801,Profession801
802,FirstName802,LastName802,Profession802
803,FirstName803,LastName803,Profession803
804,FirstName804,LastName804,Profession804
805,FirstName805,LastName805,Profession805
806,FirstName806,LastName806,Profession806
807,FirstName807,LastName807,Profession807
808,FirstName808,LastName808,Profession808
809,FirstName809,LastName809,Profession809
810,FirstName810,LastName810,Profession810
811,FirstName811,LastName811,Profession811
812,FirstName812,LastName812,Profession812
813,FirstName813,LastName813,Profession813
814,FirstName814,LastName814,Profession814
815,FirstName815,LastName815,Profession815
816,FirstName816,LastName816,Profession816
817,FirstName817,LastName817,Profession817
818,FirstName818,LastName818,Profession818
819,FirstName819,LastName819,Profession819
820,FirstName820,LastName820,Profession820
821,FirstName821,LastName821,Profession821
822,FirstName822,LastName822,Profession822
823,FirstName823,LastName823,Profession823
824,FirstName824,LastName824,Profession824
825,FirstName825,LastName825,Profession825
826,FirstName826,LastName826,Profession826
827,FirstName827,LastName827,Profession827
828,FirstName828,LastName828,Profession828
829,FirstName829,LastName829,Profession829
830,FirstName830,LastName830,Profession830
831,FirstName831,LastName831,Profession831
832,FirstName832,LastName832,Profession832
833,FirstName833,LastName833,Profession833
834,FirstName834,LastName834,Profession834
835,FirstName835,LastName835,Profession835
836,FirstName836,LastName836,Profession836
837,FirstName837,LastName837,Profession837
838,FirstName838,LastName838,Profession838
839,FirstName839,LastName839,Profession839
840,FirstName840,LastName840,Profession840
841,FirstName841,LastName841,Profession841
842,FirstName842,LastName842,Profession842
843,FirstName843,LastName843,Profession843
844,FirstName844,LastName844,Profession844
845,FirstName845,LastName845,Profession845
846,FirstName846,LastName846,Profession846
847,FirstName847,LastName847,Profession847
848,FirstName848,LastName848,Profession848
849,FirstName849,LastName849,Profession849
850,FirstName850,LastName850,Profession850
851,FirstName851,LastName851,Profession851
852,FirstName852,LastName852,Profession852
853,FirstName853,LastName853,Profession853
854,FirstName854,LastName854,Profession854
855,FirstName855,LastName855,Profession855
856,FirstName856,LastName856,Profession856
857,FirstName857,LastName857,Profession857
858,FirstName858,LastName858,Profession858
859,FirstName859,LastName859,Profession859
860,FirstName860,LastName860,Profession860
861,FirstName861,LastName861,Profession861
862,FirstName862,LastName862,Profession862
863,FirstName863,LastName863,Profession863
864,FirstName864,LastName864,Profession864
865,FirstName865,LastName865,Profession865
866,FirstName866,LastName866,Profession866
867,FirstName867,LastName867,Profession867
868,FirstName868,LastName868,Profession868
869,FirstName869,LastName869,Profession869
870,FirstName870,LastName870,Profession870
871,FirstName871,LastName871,Profession871
872,FirstName872,LastName872,Profession872
873,FirstName873,LastName873,Profession873
874,FirstName874,LastName874,Profession874
875,FirstName875,LastName875,Profession875
876,FirstName876,LastName876,Profession876
877,FirstName877,LastName877,Profession877
878,FirstName878,LastName878,Profession878
879,FirstName879,LastName879,Profession879
880,FirstName880,LastName880,Profession880
881,FirstName881,LastName881,Profession881
882,FirstName882,LastName882,Profession882
883,FirstName883,LastName883,Profession883
884,FirstName884,LastName884,Profession884
885,FirstName885,LastName885,Profession885
886,FirstName886,LastName886,Profession886
887,FirstName887,LastName887,Profession887
888,FirstName888,LastName888,Profession888
889,FirstName889,LastName889,Profession889
890,FirstName890,LastName890,Profession890
891,FirstName891,LastName891,Profession891
892,FirstName892,LastName892,Profession892
893,FirstName893,LastName893,Profession893
894,FirstName894,LastName894,Profession894
895,FirstName895,LastName895,Profession895
896,FirstName896,LastName896,Profession896
897,FirstName897,LastName897,Profession897
898,FirstName898,LastName898,Profession898
899,FirstName899,LastName899,Profession899
900,FirstName900,LastName900,Profession900
901,FirstName901,LastName901,Profession901
902,FirstName902,LastName902,Profession902
903,FirstName903,LastName903,Profession903
904,FirstName904,LastName904,Profession904
905,FirstName905,LastName905,Profession905
906,FirstName906,LastName906,Profession906
907,FirstName907,LastName907,Profession907
908,FirstName908,LastName908,Profession908
909,FirstName909,LastName909,Profession909
910,FirstName910,LastName910,Profession910
911,FirstName911,LastName911,Profession911
912,FirstName912,LastName912,Profession912
913,FirstName913,LastName913,Profession913
914,FirstName914,LastName914,Profession914
915,FirstName915,LastName915,Profession915
916,FirstName916,LastName916,Profession916
917,FirstName917,LastName917,Profession917
918,FirstName918,LastName918,Profession918
919,FirstName919,LastName919,Profession919
920,FirstName920,LastName920,Profession920
921,FirstName921,LastName921,Profession921
922,FirstName922,LastName922,Profession922
923,FirstName923,LastName923,Profession923
924,FirstName924,LastName924,Profession924
925,FirstName925,LastName925,Profession925
926,FirstName926,LastName926,Profession926
927,FirstName927,LastName927,Profession927
928,FirstName928,LastName928,Profession928
929,FirstName929,LastName929,Profession929
930,FirstName930,LastName930,Profession930
931,FirstName931,LastName931,Profession931
932,FirstName932,LastName932,Profession932
933,FirstName933,LastName933,Profession933
934,FirstName934,LastName934,Profession934
935,FirstName935,LastName935,Profession935
936,FirstName936,LastName936,Profession936
937,FirstName937,LastName937,Profession937
938,FirstName938,LastName938,Profession938
939,FirstName939,LastName939,Profession939
940,FirstName940,LastName940,Profession940
941,FirstName941,LastName941,Profession941
942,FirstName942,LastName942,Profession942
943,FirstName943,LastName943,Profession943
944,FirstName944,LastName944,Profession944
945,FirstName945,LastName945,Profession945
946,FirstName946,LastName946,Profession946
947,FirstName947,LastName947,Profession947
948,FirstName948,LastName948,Profession948
949,FirstName949,LastName949,Profession949
950,FirstName950,LastName950,Profession950
951,FirstName951,LastName951,Profession951
952,FirstName952,LastName952,Profession952
953,FirstName953,LastName953,Profession953
954,FirstName954,LastName954,Profession954
955,FirstName955,LastName955,Profession955
956,FirstName956,LastName956,Profession956
957,FirstName957,LastName957,Profession957
958,FirstName958,LastName958,Profession958
959,FirstName959,LastName959,Profession959
960,FirstName960,LastName960,Profession960
961,FirstName961,LastName961,Profession961
962,FirstName962,LastName962,Profession962
963,FirstName963,LastName963,Profession963
964,FirstName964,LastName964,Profession964
965,FirstName965,LastName965,Profession965
966,FirstName966,LastName966,Profession966
967,FirstName967,LastName967,Profession967
968,FirstName968,LastName968,Profession968
969,FirstName969,LastName969,Profession969
970,FirstName970,LastName970,Profession970
971,FirstName971,LastName971,Profession971
972,FirstName972,LastName972,Profession972
973,FirstName973,LastName973,Profession973
974,FirstName974,LastName974,Profession974
975,FirstName975,LastName975,Profession975
976,FirstName976,LastName976,Profession976
977,FirstName977,LastName977,Profession977
978,FirstName978,LastName978,Profession978
979,FirstName979,LastName979,Profession979
980,FirstName980,LastName980,Profession980
981,FirstName981,LastName981,Profession981
982,FirstName982,LastName982,Profession982
983,FirstName983,LastName983,Profession983
984,FirstName984,LastName984,Profession984
985,FirstName985,LastName985,Profession985
986,FirstName986,LastName986,Profession986
987,FirstName987,LastName987,Profession987
988,FirstName988,LastName988,Profession988
989,FirstName989,LastName989,Profession989
990,FirstName990,LastName990,Profession990
991,FirstName991,LastName991,Profession991
992,FirstName992,LastName992,Profession992
993,FirstName993,LastName993,Profession993
994,FirstName994,LastName994,Profession994
995,FirstName995,LastName995,Profession995
996,FirstName996,LastName996,Profession996
997,FirstName997,LastName997,Profession997
998,FirstName998,LastName998,Profession998
999,FirstName999,LastName999,Profession999
1000,FirstName1000,LastName1000,Profession1000
1001,FirstName1001,LastName1001,Profession1001
1002,FirstName1002,LastName1002,Profession1002
1003,FirstName1003,LastName1003,Profession1003
1004,FirstName1004,LastName1004,Profession1004
1005,FirstName1005,LastName1005,Profession1005
1006,FirstName1006,LastName1006,Profession1006
1007,FirstName1007,LastName1007,Profession1007
1008,FirstName1008,LastName1008,Profession1008
1009,FirstName1009,LastName1009,Profession1009
1010,FirstName1010,LastName1010,Profession1010
1011,FirstName1011,LastName1011,Profession1011
1012,FirstName1012,LastName1012,Profession1012
1013,FirstName1013,LastName1013,Profession1013
1014,FirstName1014,LastName1014,Profession1014
1015,FirstName1015,LastName1015,Profession1015
1016,FirstName1016,LastName1016,Profession1016
1017,FirstName1017,LastName1017,Profession1017
1018,FirstName1018,LastName1018,Profession1018
1019,FirstName1019,LastName1019,Profession1019
1020,FirstName1020,LastName1020,Profession1020
1021,FirstName1021,LastName1021,Profession1021
1022,FirstName1022,LastName1022,Profession1022
1023,FirstName1023,LastName1023,Profession1023
1024,FirstName1024,LastName1024,Profession1024
1025,FirstName1025,LastName1025,Profession1025
1026,FirstName1026,LastName1026,Profession1026
1027,FirstName1027,LastName1027,Profession1027
1028,FirstName1028,LastName1028,Profession1028
1029,FirstName1029,LastName1029,Profession1029
1030,FirstName1030,LastName1030,Profession1030
1031,FirstName1031,LastName1031,Profession1031
1032,FirstName1032,LastName1032,Profession1032
1033,FirstName1033,LastName1033,Profession1033
1034,FirstName1034,LastName1034,Profession1034
1035,FirstName1035,LastName1035,Profession1035
1036,FirstName1036,LastName1036,Profession1036
1037,FirstName1037,LastName1037,Profession1037
1038,FirstName1038,LastName1038,Profession1038
1039,FirstName1039,LastName1039,Profession1039
1040,FirstName1040,LastName1040,Profession1040
1041,FirstName1041,LastName1041,Profession1041
1042,FirstName1042,LastName1042,Profession1042
1043,FirstName1043,LastName1043,Profession1043
1044,FirstName1044,LastName1044,Profession1044
1045,FirstName1045,LastName1045,Profession1045
1046,FirstName1046,LastName1046,Profession1046
1047,FirstName1047,LastName1047,Profession1047
1048,FirstName1048,LastName1048,Profession1048
1049,FirstName1049,LastName1049,Profession1049
1050,FirstName1050,LastName1050,Profession1050
1051,FirstName1051,LastName1051,Profession1051
1052,FirstName1052,LastName1052,Profession1052
1053,FirstName1053,LastName1053,Profession1053
1054,FirstName1054,LastName1054,Profession1054
1055,FirstName1055,LastName1055,Profession1055
1056,FirstName1056,LastName1056,Profession1056
1057,FirstName1057,LastName1057,Profession1057
1058,FirstName1058,LastName1058,Profession1058
1059,FirstName1059,LastName1059,Profession1059
1060,FirstName1060,LastName1060,Profession1060
1061,FirstName1061,LastName1061,Profession1061
1062,FirstName1062,LastName1062,Profession1062
1063,FirstName1063,LastName1063,Profession1063
1064,FirstName1064,LastName1064,Profession1064
1065,FirstName1065,LastName1065,Profession1065
1066,FirstName1066,LastName1066,Profession1066
1067,FirstName1067,LastName1067,Profession1067
1068,FirstName1068,LastName1068,Profession1068
1069,FirstName1069,LastName1069,Profession1069
1070,FirstName1070,LastName1070,Profession1070
1071,FirstName1071,LastName1071,Profession1071
1072,FirstName1072,LastName1072,Profession1072
1073,FirstName1073,LastName1073,Profession1073
1074,FirstName1074,LastName1074,Profession1074
1075,FirstName1075,LastName1075,Profession1075
1076,FirstName1076,LastName1076,Profession1076
1077,FirstName1077,LastName1077,Profession1077
1078,FirstName1078,LastName1078,Profession1078
1079,FirstName1079,LastName1079,Profession1079
1080,FirstName1080,LastName1080,Profession1080
1081,FirstName1081,LastName1081,Profession1081
1082,FirstName1082,LastName1082,Profession1082
1083,FirstName1083,LastName1083,Profession1083
1084,FirstName1084,LastName1084,Profession1084
1085,FirstName1085,LastName1085,Profession1085
1086,FirstName1086,LastName1086,Profession1086
1087,FirstName1087,LastName1087,Profession1087
1088,FirstName1088,LastName1088,Profession1088
1089,FirstName1089,LastName1089,Profession1089
1090,FirstName1090,LastName1090,Profession1090
1091,FirstName1091,LastName1091,Profession1091
1092,FirstName1092,LastName1092,Profession1092
1093,FirstName1093,LastName1093,Profession1093
1094,FirstName1094,LastName1094,Profession1094
1095,FirstName1095,LastName1095,Profession1095
1096,FirstName1096,LastName1096,Profession1096
1097,FirstName1097,LastName1097,Profession1097
1098,FirstName1098,LastName1098,Profession1098
1099,FirstName1099,LastName1099,Profession1099
1100,FirstName1100,LastName1100,Profession1100
1101,FirstName1101,LastName1101,Profession1101
1102,FirstName1102,LastName1102,Profession1102
1103,FirstName1103,LastName1103,Profession1103
1104,FirstName1104,LastName1104,Profession1104
1105,FirstName1105,LastName1105,Profession1105
1106,FirstName1106,LastName1106,Profession1106
1107,FirstName1107,LastName1107,Profession1107
1108,FirstName1108,LastName1108,Profession1108
1109,FirstName1109,LastName1109,Profession1109
1110,FirstName1110,LastName1110,Profession1110
1111,FirstName1111,LastName1111,Profession1111
1112,FirstName1112,LastName1112,Profession1112
1113,FirstName1113,LastName1113,Profession1113
1114,FirstName1114,LastName1114,Profession1114
1115,FirstName1115,LastName1115,Profession1115
1116,FirstName1116,LastName1116,Profession1116
1117,FirstName1117,LastName1117,Profession1117
1118,FirstName1118,LastName1118,Profession1118
1119,FirstName1119,LastName1119,Profession1119
1120,FirstName1120,LastName1120,Profession1120
1121,FirstName1121,LastName1121,Profession1121
1122,FirstName1122,LastName1122,Profession1122
1123,FirstName1123,LastName1123,Profession1123
1124,FirstName1124,LastName1124,Profession1124
1125,FirstName1125,LastName1125,Profession1125
1126,FirstName1126,LastName1126,Profession1126
1127,FirstName1127,LastName1127,Profession1127
1128,FirstName1128,LastName1128,Profession1128
1129,FirstName1129,LastName1129,Profession1129
1130,FirstName1130,LastName1130,Profession1130
1131,FirstName1131,LastName1131,Profession1131
1132,FirstName1132,LastName1132,Profession1132
1133,FirstName1133,LastName1133,Profession1133
1134,FirstName1134,LastName1134,Profession1134
1135,FirstName1135,LastName1135,Profession1135
1136,FirstName1136,LastName1136,Profession1136
1137,FirstName1137,LastName1137,Profession1137
1138,FirstName1138,LastName1138,Profession1138
1139,FirstName1139,LastName1139,Profession1139
1140,FirstName1140,LastName1140,Profession1140
1141,FirstName1141,LastName1141,Profession1141
1142,FirstName1142,LastName1142,Profession1142
1143,FirstName1143,LastName1143,Profession1143
1144,FirstName1144,LastName1144,Profession1144
1145,FirstName1145,LastName1145,Profession1145
1146,FirstName1146,LastName1146,Profession1146
1147,FirstName1147,LastName1147,Profession1147
1148,FirstName1148,LastName1148,Profession1148
1149,FirstName1149,LastName1149,Profession1149
1150,FirstName1150,LastName1150,Profession1150
1151,FirstName1151,LastName1151,Profession1151
1152,FirstName1152,LastName1152,Profession1152
1153,FirstName1153,LastName1153,Profession1153
1154,FirstName1154,LastName1154,Profession1154
1155,FirstName1155,LastName1155,Profession1155
1156,FirstName1156,LastName1156,Profession1156
1157,FirstName1157,LastName1157,Profession1157
1158,FirstName1158,LastName1158,Profession1158
1159,FirstName1159,LastName1159,Profession1159
1160,FirstName1160,LastName1160,Profession1160
1161,FirstName1161,LastName1161,Profession1161
1162,FirstName1162,LastName1162,Profession1162
1163,FirstName1163,LastName1163,Profession1163
1164,FirstName1164,LastName1164,Profession1164
1165,FirstName1165,LastName1165,Profession1165
1166,FirstName1166,LastName1166,Profession1166
1167,FirstName1167,LastName1167,Profession1167
1168,FirstName1168,LastName1168,Profession1168
1169,FirstName1169,LastName1169,Profession1169
1170,FirstName1170,LastName1170,Profession1170
1171,FirstName1171,LastName1171,Profession1171
1172,FirstName1172,LastName1172,Profession1172
1173,FirstName1173,LastName1173,Profession1173
1174,FirstName1174,LastName1174,Profession1174
1175,FirstName1175,LastName1175,Profession1175
1176,FirstName1176,LastName1176,Profession1176
1177,FirstName1177,LastName1177,Profession1177
1178,FirstName1178,LastName1178,Profession1178
1179,FirstName1179,LastName1179,Profession1179
1180,FirstName1180,LastName1180,Profession1180
1181,FirstName1181,LastName1181,Profession1181
1182,FirstName1182,LastName1182,Profession1182
1183,FirstName1183,LastName1183,Profession1183
1184,FirstName1184,LastName1184,Profession1184
1185,FirstName1185,LastName1185,Profession1185
1186,FirstName1186,LastName1186,Profession1186
1187,FirstName1187,LastName1187,Profession1187
1188,FirstName1188,LastName1188,Profession1188
1189,FirstName1189,LastName1189,Profession1189
1190,FirstName1190,LastName1190,Profession1190
1191,FirstName1191,LastName1191,Profession1191
1192,FirstName1192,LastName1192,Profession1192
1193,FirstName1193,LastName1193,Profession1193
1194,FirstName1194,LastName1194,Profession1194
1195,FirstName1195,LastName1195,Profession1195
1196,FirstName1196,LastName1196,Profession1196
1197,FirstName1197,LastName1197,Profession1197
1198,FirstName1198,LastName1198,Profession1198
1199,FirstName1199,LastName1199,Profession1199
1200,FirstName1200,LastName1200,Profession1200
1201,FirstName1201,LastName1201,Profession1201
1202,FirstName1202,LastName1202,Profession1202
1203,FirstName1203,LastName1203,Profession1203
1204,FirstName1204,LastName1204,Profession1204
1205,FirstName1205,LastName1205,Profession1205
1206,FirstName1206,LastName1206,Profession1206
1207,FirstName1207,LastName1207,Profession1207
1208,FirstName1208,LastName1208,Profession1208
1209,FirstName1209,LastName1209,Profession1209
1210,FirstName1210,LastName1210,Profession1210
1211,FirstName1211,LastName1211,Profession1211
1212,FirstName1212,LastName1212,Profession1212
1213,FirstName1213,LastName1213,Profession1213
1214,FirstName1214,LastName1214,Profession1214
1215,FirstName1215,LastName1215,Profession1215
1216,FirstName1216,LastName1216,Profession1216
1217,FirstName1217,LastName1217,Profession1217
1218,FirstName1218,LastName1218,Profession1218
1219,FirstName1219,LastName1219,Profession1219
1220,FirstName1220,LastName1220,Profession1220
1221,FirstName1221,LastName1221,Profession1221
1222,FirstName1222,LastName1222,Profession1222
1223,FirstName1223,LastName1223,Profession1223
1224,FirstName1224,LastName1224,Profession1224
1225,FirstName1225,LastName1225,Profession1225
1226,FirstName1226,LastName1226,Profession1226
1227,FirstName1227,LastName1227,Profession1227
1228,FirstName1228,LastName1228,Profession1228
1229,FirstName1229,LastName1229,Profession1229
1230,FirstName1230,LastName1230,Profession1230
1231,FirstName1231,LastName1231,Profession1231
1232,FirstName1232,LastName1232,Profession1232
1233,FirstName1233,LastName1233,Profession1233
1234,FirstName1234,LastName1234,Profession1234
1235,FirstName1235,LastName1235,Profession1235
1236,FirstName1236,LastName1236,Profession1236
1237,FirstName1237,LastName1237,Profession1237
1238,FirstName1238,LastName1238,Profession1238
1239,FirstName1239,LastName1239,Profession1239
1240,FirstName1240,LastName1240,Profession1240
1241,FirstName1241,LastName1241,Profession1241
1242,FirstName1242,LastName1242,Profession1242
1243,FirstName1243,LastName1243,Profession1243
1244,FirstName1244,LastName1244,Profession1244
1245,FirstName1245,LastName1245,Profession1245
1246,FirstName1246,LastName1246,Profession1246
1247,FirstName1247,LastName1247,Profession1247
1248,FirstName1248,LastName1248,Profession1248
1249,FirstName1249,LastName1249,Profession1249
1250,FirstName1250,LastName1250,Profession1250
1251,FirstName1251,LastName1251,Profession1251
1252,FirstName1252,LastName1252,Profession1252
1253,FirstName1253,LastName1253,Profession1253
1254,FirstName1254,LastName1254,Profession1254
1255,FirstName1255,LastName1255,Profession1255
1256,FirstName1256,LastName1256,Profession1256
1257,FirstName1257,LastName1257,Profession1257
1258,FirstName1258,LastName1258,Profession1258
1259,FirstName1259,LastName1259,Profession1259
1260,FirstName1260,LastName1260,Profession1260
1261,FirstName1261,LastName1261,Profession1261
1262,FirstName1262,LastName1262,Profession1262
1263,FirstName1263,LastName1263,Profession1263
1264,FirstName1264,LastName1264,Profession1264
1265,FirstName1265,LastName1265,Profession1265
1266,FirstName1266,LastName1266,Profession1266
1267,FirstName1267,LastName1267,Profession1267
1268,FirstName1268,LastName1268,Profession1268
1269,FirstName1269,LastName1269,Profession1269
1270,FirstName1270,LastName1270,Profession1270
1271,FirstName1271,LastName1271,Profession1271
1272,FirstName1272,LastName1272,Profession1272
1273,FirstName1273,LastName1273,Profession1273
1274,FirstName1274,LastName1274,Profession1274
1275,FirstName1275,LastName1275,Profession1275
1276,FirstName1276,LastName1276,Profession1276
1277,FirstName1277,LastName1277,Profession1277
1278,FirstName1278,LastName1278,Profession1278
1279,FirstName1279,LastName1279,Profession1279
1280,FirstName1280,LastName1280,Profession1280
1281,FirstName1281,LastName1281,Profession1281
1282,FirstName1282,LastName1282,Profession1282
1283,FirstName1283,LastName1283,Profession1283
1284,FirstName1284,LastName1284,Profession1284
1285,FirstName1285,LastName1285,Profession1285
1286,FirstName1286,LastName1286,Profession1286
1287,FirstName1287,LastName1287,Profession1287
1288,FirstName1288,LastName1288,Profession1288
1289,FirstName1289,LastName1289,Profession1289
1290,FirstName1290,LastName1290,Profession1290
1291,FirstName1291,LastName1291,Profession1291
1292,FirstName1292,LastName1292,Profession1292
1293,FirstName1293,LastName1293,Profession1293
1294,FirstName1294,LastName1294,Profession1294
1295,FirstName1295,LastName1295,Profession1295
1296,FirstName1296,LastName1296,Profession1296
1297,FirstName1297,LastName1297,Profession1297
1298,FirstName1298,LastName1298,Profession1298
1299,FirstName1299,LastName1299,Profession1299
1300,FirstName1300,LastName1300,Profession1300
1301,FirstName1301,LastName1301,Profession1301
1302,FirstName1302,LastName1302,Profession1302
1303,FirstName1303,LastName1303,Profession1303
1304,FirstName1304,LastName1304,Profession1304
1305,FirstName1305,LastName1305,Profession1305
1306,FirstName1306,LastName1306,Profession1306
1307,FirstName1307,LastName1307,Profession1307
1308,FirstName1308,LastName1308,Profession1308
1309,FirstName1309,LastName1309,Profession1309
1310,FirstName1310,LastName1310,Profession1310
1311,FirstName1311,LastName1311,Profession1311
1312,FirstName1312,LastName1312,Profession1312
1313,FirstName1313,LastName1313,Profession1313
1314,FirstName1314,LastName1314,Profession1314
1315,FirstName1315,LastName1315,Profession1315
1316,FirstName1316,LastName1316,Profession1316
1317,FirstName1317,LastName1317,Profession1317
1318,FirstName1318,LastName1318,Profession1318
1319,FirstName1319,LastName1319,Profession1319
1320,FirstName1320,LastName1320,Profession1320
1321,FirstName1321,LastName1321,Profession1321
1322,FirstName1322,LastName1322,Profession1322
1323,FirstName1323,LastName1323,Profession1323
1324,FirstName1324,LastName1324,Profession1324
1325,FirstName1325,LastName1325,Profession1325
1326,FirstName1326,LastName1326,Profession1326
1327,FirstName1327,LastName1327,Profession1327
1328,FirstName1328,LastName1328,Profession1328
1329,FirstName1329,LastName1329,Profession1329
1330,FirstName1330,LastName1330,Profession1330
1331,FirstName1331,LastName1331,Profession1331
1332,FirstName1332,LastName1332,Profession1332
1333,FirstName1333,LastName1333,Profession1333
1334,FirstName1334,LastName1334,Profession1334
1335,FirstName1335,LastName1335,Profession1335
1336,FirstName1336,LastName1336,Profession1336
1337,FirstName1337,LastName1337,Profession1337
1338,FirstName1338,LastName1338,Profession1338
1339,FirstName1339,LastName1339,Profession1339
1340,FirstName1340,LastName1340,Profession1340
1341,FirstName1341,LastName1341,Profession1341
1342,FirstName1342,LastName1342,Profession1342
1343,FirstName1343,LastName1343,Profession1343
1344,FirstName1344,LastName1344,Profession1344
1345,FirstName1345,LastName1345,Profession1345
1346,FirstName1346,LastName1346,Profession1346
1347,FirstName1347,LastName1347,Profession1347
1348,FirstName1348,LastName1348,Profession1348
1349,FirstName1349,LastName1349,Profession1349
1350,FirstName1350,LastName1350,Profession1350
1351,FirstName1351,LastName1351,Profession1351
1352,FirstName1352,LastName1352,Profession1352
1353,FirstName1353,LastName1353,Profession1353
1354,FirstName1354,LastName1354,Profession1354
1355,FirstName1355,LastName1355,Profession1355
1356,FirstName1356,LastName1356,Profession1356
1357,FirstName1357,LastName1357,Profession1357
1358,FirstName1358,LastName1358,Profession1358
1359,FirstName1359,LastName1359,Profession1359
1360,FirstName1360,LastName1360,Profession1360
1361,FirstName1361,LastName1361,Profession1361
1362,FirstName1362,LastName1362,Profession1362
1363,FirstName1363,LastName1363,Profession1363
1364,FirstName1364,LastName1364,Profession1364
1365,FirstName1365,LastName1365,Profession1365
1366,FirstName1366,LastName1366,Profession1366
1367,FirstName1367,LastName1367,Profession1367
1368,FirstName1368,LastName1368,Profession1368
1369,FirstName1369,LastName1369,Profession1369
1370,FirstName1370,LastName1370,Profession1370
1371,FirstName1371,LastName1371,Profession1371
1372,FirstName1372,LastName1372,Profession1372
1373,FirstName1373,LastName1373,Profession1373
1374,FirstName1374,LastName1374,Profession1374
1375,FirstName1375,LastName1375,Profession1375
1376,FirstName1376,LastName1376,Profession1376
1377,FirstName1377,LastName1377,Profession1377
1378,FirstName1378,LastName1378,Profession1378
1379,FirstName1379,LastName1379,Profession1379
1380,FirstName1380,LastName1380,Profession1380
1381,FirstName1381,LastName1381,Profession1381
1382,FirstName1382,LastName1382,Profession1382
1383,FirstName1383,LastName1383,Profession1383
1384,FirstName1384,LastName1384,Profession1384
1385,FirstName1385,LastName1385,Profession1385
1386,FirstName1386,LastName1386,Profession1386
1387,FirstName1387,LastName1387,Profession1387
1388,FirstName1388,LastName1388,Profession1388
1389,FirstName1389,LastName1389,Profession1389
1390,FirstName1390,LastName1390,Profession1390
1391,FirstName1391,LastName1391,Profession1391
1392,FirstName1392,LastName1392,Profession1392
1393,FirstName1393,LastName1393,Profession1393
1394,FirstName1394,LastName1394,Profession1394
1395,FirstName1395,LastName1395,Profession1395
1396,FirstName1396,LastName1396,Profession1396
1397,FirstName1397,LastName1397,Profession1397
1398,FirstName1398,LastName1398,Profession1398
1399,FirstName1399,LastName1399,Profession1399
1400,FirstName1400,LastName1400,Profession1400
1401,FirstName1401,LastName1401,Profession1401
1402,FirstName1402,LastName1402,Profession1402
1403,FirstName1403,LastName1403,Profession1403
1404,FirstName1404,LastName1404,Profession1404
1405,FirstName1405,LastName1405,Profession1405
1406,FirstName1406,LastName1406,Profession1406
1407,FirstName1407,LastName1407,Profession1407
1408,FirstName1408,LastName1408,Profession1408
1409,FirstName1409,LastName1409,Profession1409
1410,FirstName1410,LastName1410,Profession1410
1411,FirstName1411,LastName1411,Profession1411
1412,FirstName1412,LastName1412,Profession1412
1413,FirstName1413,LastName1413,Profession1413
1414,FirstName1414,LastName1414,Profession1414
1415,FirstName1415,LastName1415,Profession1415
1416,FirstName1416,LastName1416,Profession1416
1417,FirstName1417,LastName1417,Profession1417
1418,FirstName1418,LastName1418,Profession1418
1419,FirstName1419,LastName1419,Profession1419
1420,FirstName1420,LastName1420,Profession1420
1421,FirstName1421,LastName1421,Profession1421
1422,FirstName1422,LastName1422,Profession1422
1423,FirstName1423,LastName1423,Profession1423
1424,FirstName1424,LastName1424,Profession1424
1425,FirstName1425,LastName1425,Profession1425
1426,FirstName1426,LastName1426,Profession1426
1427,FirstName1427,LastName1427,Profession1427
1428,FirstName1428,LastName1428,Profession1428
1429,FirstName1429,LastName1429,Profession1429
1430,FirstName1430,LastName1430,Profession1430
1431,FirstName1431,LastName1431,Profession1431
1432,FirstName1432,LastName1432,Profession1432
1433,FirstName1433,LastName1433,Profession1433
1434,FirstName1434,LastName1434,Profession1434
1435,FirstName1435,LastName1435,Profession1435
1436,FirstName1436,LastName1436,Profession1436
1437,FirstName1437,LastName1437,Profession1437
1438,FirstName1438,LastName1438,Profession1438
1439,FirstName1439,LastName1439,Profession1439
1440,FirstName1440,LastName1440,Profession1440
1441,FirstName1441,LastName1441,Profession1441
1442,FirstName1442,LastName1442,Profession1442
1443,FirstName1443,LastName1443,Profession1443
1444,FirstName1444,LastName1444,Profession1444
1445,FirstName1445,LastName1445,Profession1445
1446,FirstName1446,LastName1446,Profession1446
1447,FirstName1447,LastName1447,Profession1447
1448,FirstName1448,LastName1448,Profession1448
1449,FirstName1449,LastName1449,Profession1449
1450,FirstName1450,LastName1450,Profession1450
1451,FirstName1451,LastName1451,Profession1451
1452,FirstName1452,LastName1452,Profession1452
1453,FirstName1453,LastName1453,Profession1453
1454,FirstName1454,LastName1454,Profession1454
1455,FirstName1455,LastName1455,Profession1455
1456,FirstName1456,LastName1456,Profession1456
1457,FirstName1457,LastName1457,Profession1457
1458,FirstName1458,LastName1458,Profession1458
1459,FirstName1459,LastName1459,Profession1459
1460,FirstName1460,LastName1460,Profession1460
1461,FirstName1461,LastName1461,Profession1461
1462,FirstName1462,LastName1462,Profession1462
1463,FirstName1463,LastName1463,Profession1463
1464,FirstName1464,LastName1464,Profession1464
1465,FirstName1465,LastName1465,Profession1465
1466,FirstName1466,LastName1466,Profession1466
1467,FirstName1467,LastName1467,Profession1467
1468,FirstName1468,LastName1468,Profession1468
1469,FirstName1469,LastName1469,Profession1469
1470,FirstName1470,LastName1470,Profession1470
1471,FirstName1471,LastName1471,Profession1471
1472,FirstName1472,LastName1472,Profession1472
1473,FirstName1473,LastName1473,Profession1473
1474,FirstName1474,LastName1474,Profession1474
1475,FirstName1475,LastName1475,Profession1475
1476,FirstName1476,LastName1476,Profession1476
1477,FirstName1477,LastName1477,Profession1477
1478,FirstName1478,LastName1478,Profession1478
1479,FirstName1479,LastName1479,Profession1479
1480,FirstName1480,LastName1480,Profession1480
1481,FirstName1481,LastName1481,Profession1481
1482,FirstName1482,LastName1482,Profession1482
1483,FirstName1483,LastName1483,Profession1483
1484,FirstName1484,LastName1484,Profession1484
1485,FirstName1485,LastName1485,Profession1485
1486,FirstName1486,LastName1486,Profession1486
1487,FirstName1487,LastName1487,Profession1487
1488,FirstName1488,LastName1488,Profession1488
1489,FirstName1489,LastName1489,Profession1489
1490,FirstName1490,LastName1490,Profession1490
1491,FirstName1491,LastName1491,Profession1491
1492,FirstName1492,LastName1492,Profession1492
1493,FirstName1493,LastName1493,Profession1493
1494,FirstName1494,LastName1494,Profession1494
1495,FirstName1495,LastName1495,Profession1495
1496,FirstName1496,LastName1496,Profession1496
1497,FirstName1497,LastName1497,Profession1497
1498,FirstName1498,LastName1498,Profession1498
1499,FirstName1499,LastName1499,Profession1499
1500,FirstName1500,LastName1500,Profession1500
1501,FirstName1501,LastName1501,Profession1501
1502,FirstName1502,LastName1502,Profession1502
1503,FirstName1503,LastName1503,Profession1503
1504,FirstName1504,LastName1504,Profession1504
1505,FirstName1505,LastName1505,Profession1505
1506,FirstName1506,LastName1506,Profession1506
1507,FirstName1507,LastName1507,Profession1507
1508,FirstName1508,LastName1508,Profession1508
1509,FirstName1509,LastName1509,Profession1509
1510,FirstName1510,LastName1510,Profession1510
1511,FirstName1511,LastName1511,Profession1511
1512,FirstName1512,LastName1512,Profession1512
1513,FirstName1513,LastName1513,Profession1513
1514,FirstName1514,LastName1514,Profession1514
1515,FirstName1515,LastName1515,Profession1515
1516,FirstName1516,LastName1516,Profession1516
1517,FirstName1517,LastName1517,Profession1517
1518,FirstName1518,LastName1518,Profession1518
1519,FirstName1519,LastName1519,Profession1519
1520,FirstName1520,LastName1520,Profession1520
1521,FirstName1521,LastName1521,Profession1521
1522,FirstName1522,LastName1522,Profession1522
1523,FirstName1523,LastName1523,Profession1523
1524,FirstName1524,LastName1524,Profession1524
1525,FirstName1525,LastName1525,Profession1525
1526,FirstName1526,LastName1526,Profession1526
1527,FirstName1527,LastName1527,Profession1527
1528,FirstName1528,LastName1528,Profession1528
1529,FirstName1529,LastName1529,Profession1529
1530,FirstName1530,LastName1530,Profession1530
1531,FirstName1531,LastName1531,Profession1531
1532,FirstName1532,LastName1532,Profession1532
1533,FirstName1533,LastName1533,Profession1533
1534,FirstName1534,LastName1534,Profession1534
1535,FirstName1535,LastName1535,Profession1535
1536,FirstName1536,LastName1536,Profession1536
1537,FirstName1537,LastName1537,Profession1537
1538,FirstName1538,LastName1538,Profession1538
1539,FirstName1539,LastName1539,Profession1539
1540,FirstName1540,LastName1540,Profession1540
1541,FirstName1541,LastName1541,Profession1541
1542,FirstName1542,LastName1542,Profession1542
1543,FirstName1543,LastName1543,Profession1543
1544,FirstName1544,LastName1544,Profession1544
1545,FirstName1545,LastName1545,Profession1545
1546,FirstName1546,LastName1546,Profession1546
1547,FirstName1547,LastName1547,Profession1547
1548,FirstName1548,LastName1548,Profession1548
1549,FirstName1549,LastName1549,Profession1549
1550,FirstName1550,LastName1550,Profession1550
1551,FirstName1551,LastName1551,Profession1551
1552,FirstName1552,LastName1552,Profession1552
1553,FirstName1553,LastName1553,Profession1553
1554,FirstName1554,LastName1554,Profession1554
1555,FirstName1555,LastName1555,Profession1555
1556,FirstName1556,LastName1556,Profession1556
1557,FirstName1557,LastName1557,Profession1557
1558,FirstName1558,LastName1558,Profession1558
1559,FirstName1559,LastName1559,Profession1559
1560,FirstName1560,LastName1560,Profession1560
1561,FirstName1561,LastName1561,Profession1561
1562,FirstName1562,LastName1562,Profession1562
1563,FirstName1563,LastName1563,Profession1563
1564,FirstName1564,LastName1564,Profession1564
1565,FirstName1565,LastName1565,Profession1565
1566,FirstName1566,LastName1566,Profession1566
1567,FirstName1567,LastName1567,Profession1567
1568,FirstName1568,LastName1568,Profession1568
1569,FirstName1569,LastName1569,Profession1569
1570,FirstName1570,LastName1570,Profession1570
1571,FirstName1571,LastName1571,Profession1571
1572,FirstName1572,LastName1572,Profession1572
1573,FirstName1573,LastName1573,Profession1573
1574,FirstName1574,LastName1574,Profession1574
1575,FirstName1575,LastName1575,Profession1575
1576,FirstName1576,LastName1576,Profession1576
1577,FirstName1577,LastName1577,Profession1577
1578,FirstName1578,LastName1578,Profession1578
1579,FirstName1579,LastName1579,Profession1579
1580,FirstName1580,LastName1580,Profession1580
1581,FirstName1581,LastName1581,Profession1581
1582,FirstName1582,LastName1582,Profession1582
1583,FirstName1583,LastName1583,Profession1583
1584,FirstName1584,LastName1584,Profession1584
1585,FirstName1585,LastName1585,Profession1585
1586,FirstName1586,LastName1586,Profession1586
1587,FirstName1587,LastName1587,Profession1587
1588,FirstName1588,LastName1588,Profession1588
1589,FirstName1589,LastName1589,Profession1589
1590,FirstName1590,LastName1590,Profession1590
1591,FirstName1591,LastName1591,Profession1591
1592,FirstName1592,LastName1592,Profession1592
1593,FirstName1593,LastName1593,Profession1593
1594,FirstName1594,LastName1594,Profession1594
1595,FirstName1595,LastName1595,Profession1595
1596,FirstName1596,LastName1596,Profession1596
1597,FirstName1597,LastName1597,Profession1597
1598,FirstName1598,LastName1598,Profession1598
1599,FirstName1599,LastName1599,Profession1599
1600,FirstName1600,LastName1600,Profession1600
1601,FirstName1601,LastName1601,Profession1601
1602,FirstName1602,LastName1602,Profession1602
1603,FirstName1603,LastName1603,Profession1603
1604,FirstName1604,LastName1604,Profession1604
1605,FirstName1605,LastName1605,Profession1605
1606,FirstName1606,LastName1606,Profession1606
1607,FirstName1607,LastName1607,Profession1607
1608,FirstName1608,LastName1608,Profession1608
1609,FirstName1609,LastName1609,Profession1609
1610,FirstName1610,LastName1610,Profession1610
1611,FirstName1611,LastName1611,Profession1611
1612,FirstName1612,LastName1612,Profession1612
1613,FirstName1613,LastName1613,Profession1613
1614,FirstName1614,LastName1614,Profession1614
1615,FirstName1615,LastName1615,Profession1615
1616,FirstName1616,LastName1616,Profession1616
1617,FirstName1617,LastName1617,Profession1617
1618,FirstName1618,LastName1618,Profession1618
1619,FirstName1619,LastName1619,Profession1619
1620,FirstName1620,LastName1620,Profession1620
1621,FirstName1621,LastName1621,Profession1621
1622,FirstName1622,LastName1622,Profession1622
1623,FirstName1623,LastName1623,Profession1623
1624,FirstName1624,LastName1624,Profession1624
1625,FirstName1625,LastName1625,Profession1625
1626,FirstName1626,LastName1626,Profession1626
1627,FirstName1627,LastName1627,Profession1627
1628,FirstName1628,LastName1628,Profession1628
1629,FirstName1629,LastName1629,Profession1629
1630,FirstName1630,LastName1630,Profession1630
1631,FirstName1631,LastName1631,Profession1631
1632,FirstName1632,LastName1632,Profession1632
1633,FirstName1633,LastName1633,Profession1633
1634,FirstName1634,LastName1634,Profession1634
1635,FirstName1635,LastName1635,Profession1635
1636,FirstName1636,LastName1636,Profession1636
1637,FirstName1637,LastName1637,Profession1637
1638,FirstName1638,LastName1638,Profession1638
1639,FirstName1639,LastName1639,Profession1639
1640,FirstName1640,LastName1640,Profession1640
1641,FirstName1641,LastName1641,Profession1641
1642,FirstName1642,LastName1642,Profession1642
1643,FirstName1643,LastName1643,Profession1643
1644,FirstName1644,LastName1644,Profession1644
1645,FirstName1645,LastName1645,Profession1645
1646,FirstName1646,LastName1646,Profession1646
1647,FirstName1647,LastName1647,Profession1647
1648,FirstName1648,LastName1648,Profession1648
1649,FirstName1649,LastName1649,Profession1649
1650,FirstName1650,LastName1650,Profession1650
1651,FirstName1651,LastName1651,Profession1651
1652,FirstName1652,LastName1652,Profession1652
1653,FirstName1653,LastName1653,Profession1653
1654,FirstName1654,LastName1654,Profession1654
1655,FirstName1655,LastName1655,Profession1655
1656,FirstName1656,LastName1656,Profession1656
1657,FirstName1657,LastName1657,Profession1657
1658,FirstName1658,LastName1658,Profession1658
1659,FirstName1659,LastName1659,Profession1659
1660,FirstName1660,LastName1660,Profession1660
1661,FirstName1661,LastName1661,Profession1661
1662,FirstName1662,LastName1662,Profession1662
1663,FirstName1663,LastName1663,Profession1663
1664,FirstName1664,LastName1664,Profession1664
1665,FirstName1665,LastName1665,Profession1665
1666,FirstName1666,LastName1666,Profession1666
1667,FirstName1667,LastName1667,Profession1667
1668,FirstName1668,LastName1668,Profession1668
1669,FirstName1669,LastName1669,Profession1669
1670,FirstName1670,LastName1670,Profession1670
1671,FirstName1671,LastName1671,Profession1671
1672,FirstName1672,LastName1672,Profession1672
1673,FirstName1673,LastName1673,Profession1673
1674,FirstName1674,LastName1674,Profession1674
1675,FirstName1675,LastName1675,Profession1675
1676,FirstName1676,LastName1676,Profession1676
1677,FirstName1677,LastName1677,Profession1677
1678,FirstName1678,LastName1678,Profession1678
1679,FirstName1679,LastName1679,Profession1679
1680,FirstName1680,LastName1680,Profession1680
1681,FirstName1681,LastName1681,Profession1681
1682,FirstName1682,LastName1682,Profession1682
1683,FirstName1683,LastName1683,Profession1683
1684,FirstName1684,LastName1684,Profession1684
1685,FirstName1685,LastName1685,Profession1685
1686,FirstName1686,LastName1686,Profession1686
1687,FirstName1687,LastName1687,Profession1687
1688,FirstName1688,LastName1688,Profession1688
1689,FirstName1689,LastName1689,Profession1689
1690,FirstName1690,LastName1690,Profession1690
1691,FirstName1691,LastName1691,Profession1691
1692,FirstName1692,LastName1692,Profession1692
1693,FirstName1693,LastName1693,Profession1693
1694,FirstName1694,LastName1694,Profession1694
1695,FirstName1695,LastName1695,Profession1695
1696,FirstName1696,LastName1696,Profession1696
1697,FirstName1697,LastName1697,Profession1697
1698,FirstName1698,LastName1698,Profession1698
1699,FirstName1699,LastName1699,Profession1699
1700,FirstName1700,LastName1700,Profession1700
1701,FirstName1701,LastName1701,Profession1701
1702,FirstName1702,LastName1702,Profession1702
1703,FirstName1703,LastName1703,Profession1703
1704,FirstName1704,LastName1704,Profession1704
1705,FirstName1705,LastName1705,Profession1705
1706,FirstName1706,LastName1706,Profession1706
1707,FirstName1707,LastName1707,Profession1707
1708,FirstName1708,LastName1708,Profession1708
1709,FirstName1709,LastName1709,Profession1709
1710,FirstName1710,LastName1710,Profession1710
1711,FirstName1711,LastName1711,Profession1711
1712,FirstName1712,LastName1712,Profession1712
1713,FirstName1713,LastName1713,Profession1713
1714,FirstName1714,LastName1714,Profession1714
1715,FirstName1715,LastName1715,Profession1715
1716,FirstName1716,LastName1716,Profession1716
1717,FirstName1717,LastName1717,Profession1717
1718,FirstName1718,LastName1718,Profession1718
1719,FirstName1719,LastName1719,Profession1719
1720,FirstName1720,LastName1720,Profession1720
1721,FirstName1721,LastName1721,Profession1721
1722,FirstName1722,LastName1722,Profession1722
1723,FirstName1723,LastName1723,Profession1723
1724,FirstName1724,LastName1724,Profession1724
1725,FirstName1725,LastName1725,Profession1725
1726,FirstName1726,LastName1726,Profession1726
1727,FirstName1727,LastName1727,Profession1727
1728,FirstName1728,LastName1728,Profession1728
1729,FirstName1729,LastName1729,Profession1729
1730,FirstName1730,LastName1730,Profession1730
1731,FirstName1731,LastName1731,Profession1731
1732,FirstName1732,LastName1732,Profession1732
1733,FirstName1733,LastName1733,Profession1733
1734,FirstName1734,LastName1734,Profession1734
1735,FirstName1735,LastName1735,Profession1735
1736,FirstName1736,LastName1736,Profession1736
1737,FirstName1737,LastName1737,Profession1737
1738,FirstName1738,LastName1738,Profession1738
1739,FirstName1739,LastName1739,Profession1739
1740,FirstName1740,LastName1740,Profession1740
1741,FirstName1741,LastName1741,Profession1741
1742,FirstName1742,LastName1742,Profession1742
1743,FirstName1743,LastName1743,Profession1743
1744,FirstName1744,LastName1744,Profession1744
1745,FirstName1745,LastName1745,Profession1745
1746,FirstName1746,LastName1746,Profession1746
1747,FirstName1747,LastName1747,Profession1747
1748,FirstName1748,LastName1748,Profession1748
1749,FirstName1749,LastName1749,Profession1749
1750,FirstName1750,LastName1750,Profession1750
1751,FirstName1751,LastName1751,Profession1751
1752,FirstName1752,LastName1752,Profession1752
1753,FirstName1753,LastName1753,Profession1753
1754,FirstName1754,LastName1754,Profession1754
1755,FirstName1755,LastName1755,Profession1755
1756,FirstName1756,LastName1756,Profession1756
1757,FirstName1757,LastName1757,Profession1757
1758,FirstName1758,LastName1758,Profession1758
1759,FirstName1759,LastName1759,Profession1759
1760,FirstName1760,LastName1760,Profession1760
1761,FirstName1761,LastName1761,Profession1761
1762,FirstName1762,LastName1762,Profession1762
1763,FirstName1763,LastName1763,Profession1763
1764,FirstName1764,LastName1764,Profession1764
1765,FirstName1765,LastName1765,Profession1765
1766,FirstName1766,LastName1766,Profession1766
1767,FirstName1767,LastName1767,Profession1767
1768,FirstName1768,LastName1768,Profession1768
1769,FirstName1769,LastName1769,Profession1769
1770,FirstName1770,LastName1770,Profession1770
1771,FirstName1771,LastName1771,Profession1771
1772,FirstName1772,LastName1772,Profession1772
1773,FirstName1773,LastName1773,Profession1773
1774,FirstName1774,LastName1774,Profession1774
1775,FirstName1775,LastName1775,Profession1775
1776,FirstName1776,LastName1776,Profession1776
1777,FirstName1777,LastName1777,Profession1777
1778,FirstName1778,LastName1778,Profession1778
1779,FirstName1779,LastName1779,Profession1779
1780,FirstName1780,LastName1780,Profession1780
1781,FirstName1781,LastName1781,Profession1781
1782,FirstName1782,LastName1782,Profession1782
1783,FirstName1783,LastName1783,Profession1783
1784,FirstName1784,LastName1784,Profession1784
1785,FirstName1785,LastName1785,Profession1785
1786,FirstName1786,LastName1786,Profession1786
1787,FirstName1787,LastName1787,Profession1787
1788,FirstName1788,LastName1788,Profession1788
1789,FirstName1789,LastName1789,Profession1789
1790,FirstName1790,LastName1790,Profession1790
1791,FirstName1791,LastName1791,Profession1791
1792,FirstName1792,LastName1792,Profession1792
1793,FirstName1793,LastName1793,Profession1793
1794,FirstName1794,LastName1794,Profession1794
1795,FirstName1795,LastName1795,Profession1795
1796,FirstName1796,LastName1796,Profession1796
1797,FirstName1797,LastName1797,Profession1797
1798,FirstName1798,LastName1798,Profession1798
1799,FirstName1799,LastName1799,Profession1799
1800,FirstName1800,LastName1800,Profession1800
1801,FirstName1801,LastName1801,Profession1801
1802,FirstName1802,LastName1802,Profession1802
1803,FirstName1803,LastName1803,Profession1803
1804,FirstName1804,LastName1804,Profession1804
1805,FirstName1805,LastName1805,Profession1805
1806,FirstName1806,LastName1806,Profession1806
1807,FirstName1807,LastName1807,Profession1807
1808,FirstName1808,LastName1808,Profession1808
1809,FirstName1809,LastName1809,Profession1809
1810,FirstName1810,LastName1810,Profession1810
1811,FirstName1811,LastName1811,Profession1811
1812,FirstName1812,LastName1812,Profession1812
1813,FirstName1813,LastName1813,Profession1813
1814,FirstName1814,LastName1814,Profession1814
1815,FirstName1815,LastName1815,Profession1815
1816,FirstName1816,LastName1816,Profession1816
1817,FirstName1817,LastName1817,Profession1817
1818,FirstName1818,LastName1818,Profession1818
1819,FirstName1819,LastName1819,Profession1819
1820,FirstName1820,LastName1820,Profession1820
1821,FirstName1821,LastName1821,Profession1821
1822,FirstName1822,LastName1822,Profession1822
1823,FirstName1823,LastName1823,Profession1823
1824,FirstName1824,LastName1824,Profession1824
1825,FirstName1825,LastName1825,Profession1825
1826,FirstName1826,LastName1826,Profession1826
1827,FirstName1827,LastName1827,Profession1827
1828,FirstName1828,LastName1828,Profession1828
1829,FirstName1829,LastName1829,Profession1829
1830,FirstName1830,LastName1830,Profession1830
1831,FirstName1831,LastName1831,Profession1831
1832,FirstName1832,LastName1832,Profession1832
1833,FirstName1833,LastName1833,Profession1833
1834,FirstName1834,LastName1834,Profession1834
1835,FirstName1835,LastName1835,Profession1835
1836,FirstName1836,LastName1836,Profession1836
1837,FirstName1837,LastName1837,Profession1837
1838,FirstName1838,LastName1838,Profession1838
1839,FirstName1839,LastName1839,Profession1839
1840,FirstName1840,LastName1840,Profession1840
1841,FirstName1841,LastName1841,Profession1841
1842,FirstName1842,LastName1842,Profession1842
1843,FirstName1843,LastName1843,Profession1843
1844,FirstName1844,LastName1844,Profession1844
1845,FirstName1845,LastName1845,Profession1845
1846,FirstName1846,LastName1846,Profession1846
1847,FirstName1847,LastName1847,Profession1847
1848,FirstName1848,LastName1848,Profession1848
1849,FirstName1849,LastName1849,Profession1849
1850,FirstName1850,LastName1850,Profession1850
1851,FirstName1851,LastName1851,Profession1851
1852,FirstName1852,LastName1852,Profession1852
1853,FirstName1853,LastName1853,Profession1853
1854,FirstName1854,LastName1854,Profession1854
1855,FirstName1855,LastName1855,Profession1855
1856,FirstName1856,LastName1856,Profession1856
1857,FirstName1857,LastName1857,Profession1857
1858,FirstName1858,LastName1858,Profession1858
1859,FirstName1859,LastName1859,Profession1859
1860,FirstName1860,LastName1860,Profession1860
1861,FirstName1861,LastName1861,Profession1861
1862,FirstName1862,LastName1862,Profession1862
1863,FirstName1863,LastName1863,Profession1863
1864,FirstName1864,LastName1864,Profession1864
1865,FirstName1865,LastName1865,Profession1865
1866,FirstName1866,LastName1866,Profession1866
1867,FirstName1867,LastName1867,Profession1867
1868,FirstName1868,LastName1868,Profession1868
1869,FirstName1869,LastName1869,Profession1869
1870,FirstName1870,LastName1870,Profession1870
1871,FirstName1871,LastName1871,Profession1871
1872,FirstName1872,LastName1872,Profession1872
1873,FirstName1873,LastName1873,Profession1873
1874,FirstName1874,LastName1874,Profession1874
1875,FirstName1875,LastName1875,Profession1875
1876,FirstName1876,LastName1876,Profession1876
1877,FirstName1877,LastName1877,Profession1877
1878,FirstName1878,LastName1878,Profession1878
1879,FirstName1879,LastName1879,Profession1879
1880,FirstName1880,LastName1880,Profession1880
1881,FirstName1881,LastName1881,Profession1881
1882,FirstName1882,LastName1882,Profession1882
1883,FirstName1883,LastName1883,Profession1883
1884,FirstName1884,LastName1884,Profession1884
1885,FirstName1885,LastName1885,Profession1885
1886,FirstName1886,LastName1886,Profession1886
1887,FirstName1887,LastName1887,Profession1887
1888,FirstName1888,LastName1888,Profession1888
1889,FirstName1889,LastName1889,Profession1889
1890,FirstName1890,LastName1890,Profession1890
1891,FirstName1891,LastName1891,Profession1891
1892,FirstName1892,LastName1892,Profession1892
1893,FirstName1893,LastName1893,Profession1893
1894,FirstName1894,LastName1894,Profession1894
1895,FirstName1895,LastName1895,Profession1895
1896,FirstName1896,LastName1896,Profession1896
1897,FirstName1897,LastName1897,Profession1897
1898,FirstName1898,LastName1898,Profession1898
1899,FirstName1899,LastName1899,Profession1899
1900,FirstName1900,LastName1900,Profession1900
1901,FirstName1901,LastName1901,Profession1901
1902,FirstName1902,LastName1902,Profession1902
1903,FirstName1903,LastName1903,Profession1903
1904,FirstName1904,LastName1904,Profession1904
1905,FirstName1905,LastName1905,Profession1905
1906,FirstName1906,LastName1906,Profession1906
1907,FirstName1907,LastName1907,Profession1907
1908,FirstName1908,LastName1908,Profession1908
1909,FirstName1909,LastName1909,Profession1909
1910,FirstName1910,LastName1910,Profession1910
1911,FirstName1911,LastName1911,Profession1911
1912,FirstName1912,LastName1912,Profession1912
1913,FirstName1913,LastName1913,Profession1913
1914,FirstName1914,LastName1914,Profession1914
1915,FirstName1915,LastName1915,Profession1915
1916,FirstName1916,LastName1916,Profession1916
1917,FirstName1917,LastName1917,Profession1917
1918,FirstName1918,LastName1918,Profession1918
1919,FirstName1919,LastName1919,Profession1919
1920,FirstName1920,LastName1920,Profession1920
1921,FirstName1921,LastName1921,Profession1921
1922,FirstName1922,LastName1922,Profession1922
1923,FirstName1923,LastName1923,Profession1923
1924,FirstName1924,LastName1924,Profession1924
1925,FirstName1925,LastName1925,Profession1925
1926,FirstName1926,LastName1926,Profession1926
1927,FirstName1927,LastName1927,Profession1927
1928,FirstName1928,LastName1928,Profession1928
1929,FirstName1929,LastName1929,Profession1929
1930,FirstName1930,LastName1930,Profession1930
1931,FirstName1931,LastName1931,Profession1931
1932,FirstName1932,LastName1932,Profession1932
1933,FirstName1933,LastName1933,Profession1933
1934,FirstName1934,LastName1934,Profession1934
1935,FirstName1935,LastName1935,Profession1935
1936,FirstName1936,LastName1936,Profession1936
1937,FirstName1937,LastName1937,Profession1937
1938,FirstName1938,LastName1938,Profession1938
1939,FirstName1939,LastName1939,Profession1939
1940,FirstName1940,LastName1940,Profession1940
1941,FirstName1941,LastName1941,Profession1941
1942,FirstName1942,LastName1942,Profession1942
1943,FirstName1943,LastName1943,Profession1943
1944,FirstName1944,LastName1944,Profession1944
1945,FirstName1945,LastName1945,Profession1945
1946,FirstName1946,LastName1946,Profession1946
1947,FirstName1947,LastName1947,Profession1947
1948,FirstName1948,LastName1948,Profession1948
1949,FirstName1949,LastName1949,Profession1949
1950,FirstName1950,LastName1950,Profession1950
1951,FirstName1951,LastName1951,Profession1951
1952,FirstName1952,LastName1952,Profession1952
1953,FirstName1953,LastName1953,Profession1953
1954,FirstName1954,LastName1954,Profession1954
1955,FirstName1955,LastName1955,Profession1955
1956,FirstName1956,LastName1956,Profession1956
1957,FirstName1957,LastName1957,Profession1957
1958,FirstName1958,LastName1958,Profession1958
1959,FirstName1959,LastName1959,Profession1959
1960,FirstName1960,LastName1960,Profession1960
1961,FirstName1961,LastName1961,Profession1961
1962,FirstName1962,LastName1962,Profession1962
1963,FirstName1963,LastName1963,Profession1963
1964,FirstName1964,LastName1964,Profession1964
1965,FirstName1965,LastName1965,Profession1965
1966,FirstName1966,LastName1966,Profession1966
1967,FirstName1967,LastName1967,Profession1967
1968,FirstName1968,LastName1968,Profession1968
1969,FirstName1969,LastName1969,Profession1969
1970,FirstName1970,LastName1970,Profession1970
1971,FirstName1971,LastName1971,Profession1971
1972,FirstName1972,LastName1972,Profession1972
1973,FirstName1973,LastName1973,Profession1973
1974,FirstName1974,LastName1974,Profession1974
1975,FirstName1975,LastName1975,Profession1975
1976,FirstName1976,LastName1976,Profession1976
1977,FirstName1977,LastName1977,Profession1977
1978,FirstName1978,LastName1978,Profession1978
1979,FirstName1979,LastName1979,Profession1979
1980,FirstName1980,LastName1980,Profession1980
1981,FirstName1981,LastName1981,Profession1981
1982,FirstName1982,LastName1982,Profession1982
1983,FirstName1983,LastName1983,Profession1983
1984,FirstName1984,LastName1984,Profession1984
1985,FirstName1985,LastName1985,Profession1985
1986,FirstName1986,LastName1986,Profession1986
1987,FirstName1987,LastName1987,Profession1987
1988,FirstName1988,LastName1988,Profession1988
1989,FirstName1989,LastName1989,Profession1989
1990,FirstName1990,LastName1990,Profession1990
1991,FirstName1991,LastName1991,Profession1991
1992,FirstName1992,LastName1992,Profession1992
1993,FirstName1993,LastName1993,Profession1993
1994,FirstName1994,LastName1994,Profession1994
1995,FirstName1995,LastName1995,Profession1995
1996,FirstName1996,LastName1996,Profession1996
1997,FirstName1997,LastName1997,Profession1997
1998,FirstName1998,LastName1998,Profession1998
1999,FirstName1999,LastName1999,Profession1999
